Full Name,Work Status,Start Date,Job,Work Email,Team,Reports To,Office,Salary Amount,Salary Currency,Salary Type,Tenure,Country,City,First Name,Last Name,Date of Birth,Gender,Contract Type
Alaric Finch-Sallow,active,03/06/2023,Senior Sourdough Baker,alaric.finch-sallow@crumbandculture.com,Bread,Oryan Moshe,NYC SoHo Shop,88000,USD $,Yearly,2 years 8 months,United States,New York,Alaric,Finch-Sallow,07/12/1989,Male,Full time
Alistair Finch,active,09/02/2022,Product Development Lead,alistair.finch@crumbandculture.com,Product Development,Oryan Moshe,London HQ & Flagship,78000,GBP £,Yearly,4 years,United Kingdom,London,Alistair,Finch,28/01/1977,Male,Full time
Alistair Pendergast,active,14/05/2020,Logistics Coordinator,alistair.pendergast@crumbandculture.com,Logistics,Beatrix 'Bea' Vane,London HQ & Flagship,40000,GBP £,Yearly,5 years 9 months,United Kingdom,London,Alistair,Pendergast,12/03/1975,Male,Full time
Allegra 'Alley' Vance,active,03/05/2021,Head of Marketing,allegra.alleyvance@crumbandculture.com,Marketing,Zebulon Thorne,London HQ & Flagship,80000,GBP £,Yearly,4 years 9 months,United Kingdom,London,Allegra,'Alley' Vance,02/09/1992,Female,Full time
Alon Mizrahi,active,09/11/2019,Director of Retail Operations,alon.mizrahi@crumbandculture.com,Store Management,Zebulon Thorne,Tel Aviv Bakery,45000,ILS ₪,Monthly,6 years 3 months,Israel,Tel Aviv,Alon,Mizrahi,26/05/1980,Male,Full time
Alonzo Quintanilla,active,18/06/2023,Senior Sourdough Baker,alonzo.quintanilla@crumbandculture.com,Bread,Wyatt Henderson,NYC SoHo Shop,82000,USD $,Yearly,2 years 8 months,United States,New York,Alonzo,Quintanilla,16/05/1989,Male,Full time
Amalia Rothschild,active,25/06/2023,Senior Pastry Chef,amalia.rothschild@crumbandculture.com,Pastry,Margaux Lemaire,NYC SoHo Shop,98000,USD $,Yearly,2 years 7 months,United States,New York,Amalia,Rothschild,25/10/1991,Female,Full time
Amitai Shaked,active,26/02/2020,Tel Aviv Shop Manager,amitai.shaked@crumbandculture.com,Store Management,Alon Mizrahi,Tel Aviv Bakery,28500,ILS ₪,Monthly,5 years 11 months,Israel,Tel Aviv,Amitai,Shaked,17/10/1976,Male,Full time
Barnaby 'Barney' Jukes,active,03/10/2017,Front of House Shift Lead,barnaby.barneyjukes@crumbandculture.com,Front of House,Julian Sallow,London HQ & Flagship,16,GBP £,Hourly,8 years 4 months,United Kingdom,London,Barnaby,'Barney' Jukes,11/12/1989,Male,Full time
Barnaby 'Barns' Whitaker,active,19/08/2022,Social Media Coordinator,barnaby.barnswhitaker@crumbandculture.com,Marketing,Allegra 'Alley' Vance,London HQ & Flagship,34500,GBP £,Yearly,3 years 6 months,United Kingdom,London,Barnaby,'Barns' Whitaker,28/05/1995,Male,Full time
Barnaby 'Bax' Baxter-Thorne,active,08/08/2023,Front of House Associate,barnaby.baxbaxter-thorne@crumbandculture.com,Front of House,Julian Sallow,London HQ & Flagship,28500,GBP £,Yearly,2 years 6 months,United Kingdom,London,Barnaby,'Bax' Baxter-Thorne,24/05/1992,Male,Full time
Barnaby 'Bee' Quiller,active,10/01/2024,Commis de Viennoiserie,barnaby.beequiller@crumbandculture.com,Viennoiserie,Orly Naveh,London HQ & Flagship,26000,GBP £,Yearly,2 years 1 month,United Kingdom,London,Barnaby,'Bee' Quiller,04/01/2002,Male,Full time
Barnaby Fletcher,active,23/10/2019,Senior Barista,barnaby.fletcher@crumbandculture.com,Barista,Poppy Jenkins,London HQ & Flagship,31500,GBP £,Yearly,6 years 4 months,United Kingdom,London,Barnaby,Fletcher,21/06/1990,Male,Full time
Bastien Lefebvre,active,22/03/2021,Chef de Partie - Viennoiserie,bastien.lefebvre@crumbandculture.com,Viennoiserie,Orly Naveh,London HQ & Flagship,28500,GBP £,Yearly,4 years 11 months,United Kingdom,London,Bastien,Lefebvre,15/04/1996,Male,Full time
Beatrix 'Bea' Vane,active,23/04/2018,Head of Logistics,beatrix.beavane@crumbandculture.com,Logistics,Zebulon Thorne,London HQ & Flagship,68000,GBP £,Yearly,7 years 10 months,United Kingdom,London,Beatrix,'Bea' Vane,23/04/1967,Female,Full time
Blaise Lefebvre-Rossi,active,21/11/2023,Prep Kitchen Commis,blaise.lefebvre-rossi@crumbandculture.com,Prep Kitchen,Bodhi Vance,NYC SoHo Shop,56000,USD $,Yearly,2 years 3 months,United States,New York,Blaise,Lefebvre-Rossi,23/12/2001,Male,Full time
Bodhi Vance,active,21/06/2023,Prep Kitchen Lead,bodhi.vance@crumbandculture.com,Prep Kitchen,Lior Kedem,NYC SoHo Shop,68000,USD $,Yearly,2 years 8 months,United States,New York,Bodhi,Vance,13/10/1995,Other,Full time
Caleb Vance-Joy,active,15/03/2024,Prep Kitchen Assistant,caleb.vance-joy@crumbandculture.com,Prep Kitchen,Wyatt Henderson,NYC SoHo Shop,45000,USD $,Yearly,1 year 11 months,United States,New York,Caleb,Vance-Joy,15/04/2003,Male,Full time
Calista Thorne-Delaney,active,11/05/2023,Senior Procurement Specialist,calista.thorne-delaney@crumbandculture.com,Procurement,Yael Greenberg,NYC SoHo Shop,112000,USD $,Yearly,2 years 9 months,United States,New York,Calista,Thorne-Delaney,16/11/1982,Female,Full time
Casimir Volkov,active,22/06/2019,Catering Operations Lead,casimir.volkov@crumbandculture.com,Catering,Alon Mizrahi,London HQ & Flagship,45000,GBP £,Yearly,6 years 8 months,United Kingdom,London,Casimir,Volkov,11/08/1989,Male,Full time
Cedric Hallowell,active,25/03/2022,Senior Sourdough Baker,cedric.hallowell@crumbandculture.com,Bread,Gideon Sterling,London HQ & Flagship,38000,GBP £,Yearly,3 years 10 months,United Kingdom,London,Cedric,Hallowell,03/04/1981,Male,Full time
Clementine Dubois-Harrow,active,27/09/2017,VP of Production,clementine.dubois-harrow@crumbandculture.com,Viennoiserie,Zebulon Thorne,London HQ & Flagship,135000,GBP £,Yearly,8 years 4 months,United Kingdom,London,Clementine,Dubois-Harrow,01/02/1972,Female,Full time
Colette Desrosiers,active,05/07/2023,Senior Pastry Chef,colette.desrosiers@crumbandculture.com,Pastry,Margaux Lemaire,NYC SoHo Shop,130000,USD $,Yearly,2 years 7 months,United States,New York,Colette,Desrosiers,12/11/1989,Female,Full time
Cressida Faulks,active,15/01/2024,Junior Viennoiserie Chef,cressida.faulks@crumbandculture.com,Viennoiserie,Orly Naveh,London HQ & Flagship,34000,GBP £,Yearly,2 years 1 month,United Kingdom,London,Cressida,Faulks,21/06/2000,Female,Full time
Céline Vachon,active,23/03/2022,Pastry Chef de Partie,cline.vachon@crumbandculture.com,Pastry,Margaux Lemaire,London HQ & Flagship,44000,GBP £,Yearly,3 years 11 months,United Kingdom,London,Céline,Vachon,13/06/1993,Female,Full time
Dakota Blythe,active,14/06/2023,Front of House Associate,dakota.blythe@crumbandculture.com,Front of House,Seraphina Rossi,NYC SoHo Shop,62000,USD $,Yearly,2 years 8 months,United States,New York,Dakota,Blythe,18/07/1999,Other,Full time
Dorit Gal-On,active,15/10/2023,Inventory Coordinator,dorit.gal-on@crumbandculture.com,Procurement,Yael Greenberg,Tel Aviv Bakery,16000,ILS ₪,Monthly,2 years 4 months,Israel,Tel Aviv,Dorit,Gal-On,18/05/1981,Female,Full time
Dror Avraham,active,03/02/2020,Tel Aviv Logistics Coordinator,dror.avraham@crumbandculture.com,Logistics,Beatrix 'Bea' Vane,Tel Aviv Bakery,16000,ILS ₪,Monthly,6 years,Israel,Tel Aviv,Dror,Avraham,08/01/1986,Male,Full time
Eitan Raz,active,18/02/2020,Commis Baker,eitan.raz@crumbandculture.com,Bread,Gideon Sterling,Tel Aviv Bakery,14500,ILS ₪,Monthly,6 years,Israel,Tel Aviv,Eitan,Raz,27/04/1994,Male,Full time
Elara Thorne-Gage,active,11/10/2023,Senior Barista,elara.thorne-gage@crumbandculture.com,Barista,Poppy Jenkins,NYC SoHo Shop,61000,USD $,Yearly,2 years 4 months,United States,New York,Elara,Thorne-Gage,26/11/1996,Female,Full time
Elias Thorne-Kerr,active,16/10/2019,Chef de Partie - Bread,elias.thorne-kerr@crumbandculture.com,Bread,Gideon Sterling,London HQ & Flagship,24000,GBP £,Yearly,6 years 4 months,United Kingdom,London,Elias,Thorne-Kerr,08/03/1995,Male,Full time
Elodie Beaumont,active,07/03/2021,Prep Kitchen Commis,elodie.beaumont@crumbandculture.com,Prep Kitchen,Lior Kedem,London HQ & Flagship,26500,GBP £,Yearly,4 years 11 months,United Kingdom,London,Elodie,Beaumont,24/11/1997,Female,Full time
Elspeth Dunmore,active,26/02/2021,Senior Financial Analyst,elspeth.dunmore@crumbandculture.com,Finance,Saffron Montague,London HQ & Flagship,68000,GBP £,Yearly,4 years 11 months,United Kingdom,London,Elspeth,Dunmore,28/11/1976,Female,Full time
Erez Sharabi,active,22/04/2022,Senior Sourdough Baker,erez.sharabi@crumbandculture.com,Bread,Gideon Sterling,Tel Aviv Bakery,21000,ILS ₪,Monthly,3 years 10 months,Israel,Tel Aviv,Erez,Sharabi,19/12/1983,Male,Full time
Finnian O'Malley,active,11/07/2023,Sourdough Baker,finnian.omalley@crumbandculture.com,Bread,Wyatt Henderson,NYC SoHo Shop,78000,USD $,Yearly,2 years 7 months,United States,New York,Finnian,O'Malley,06/05/1994,Male,Full time
Fleur de Vries,active,21/11/2018,Senior Pastry Chef,fleur.devries@crumbandculture.com,Pastry,Margaux Lemaire,London HQ & Flagship,52000,GBP £,Yearly,7 years 3 months,United Kingdom,London,Fleur,de Vries,25/02/1979,Female,Full time
Gareth Hobb,active,26/02/2022,People Operations Manager,gareth.hobb@crumbandculture.com,People,Zebulon Thorne,London HQ & Flagship,65000,GBP £,Yearly,3 years 11 months,United Kingdom,London,Gareth,Hobb,27/12/1984,Male,Full time
Gideon Sterling,active,04/09/2017,Master Baker,gideon.sterling@crumbandculture.com,Bread,Clementine Dubois-Harrow,London HQ & Flagship,58000,GBP £,Yearly,8 years 5 months,United Kingdom,London,Gideon,Sterling,20/05/1983,Male,Full time
Hamish McTavish,active,12/08/2018,Facilities Maintenance Manager,hamish.mctavish@crumbandculture.com,Facilities,Beatrix 'Bea' Vane,London HQ & Flagship,48000,GBP £,Yearly,7 years 6 months,United Kingdom,London,Hamish,McTavish,08/03/1966,Male,Full time
Hassan Al-Fayed,active,05/05/2020,Logistics Coordinator,hassan.al-fayed@crumbandculture.com,Logistics,Beatrix 'Bea' Vane,Tel Aviv Bakery,16000,ILS ₪,Monthly,5 years 9 months,Israel,Tel Aviv,Hassan,Al-Fayed,23/04/1979,Male,Full time
Hudson Slade,active,09/02/2024,NYC Distribution Coordinator,hudson.slade@crumbandculture.com,Logistics,Beatrix 'Bea' Vane,NYC SoHo Shop,65000,USD $,Yearly,2 years,United States,New York,Hudson,Slade,10/07/1996,Male,Full time
Imogen Fairbairn,active,24/01/2021,Procurement Associate,imogen.fairbairn@crumbandculture.com,Procurement,Yael Greenberg,London HQ & Flagship,39500,GBP £,Yearly,5 years,United Kingdom,London,Imogen,Fairbairn,09/06/1991,Female,Full time
Indigo Thorne,active,09/03/2021,Junior Barista,indigo.thorne@crumbandculture.com,Barista,Poppy Jenkins,London HQ & Flagship,24000,GBP £,Yearly,4 years 11 months,United Kingdom,London,Indigo,Thorne,02/07/2000,Other,Full time
Isabella 'Bella' Moretti,active,05/11/2022,Catering Events Coordinator,isabella.bellamoretti@crumbandculture.com,Catering,Casimir Volkov,London HQ & Flagship,46000,GBP £,Yearly,3 years 3 months,United Kingdom,London,Isabella,'Bella' Moretti,26/05/1986,Female,Full time
Itamar Gal,active,03/05/2021,Facilities Technician,itamar.gal@crumbandculture.com,Facilities,Hamish McTavish,Tel Aviv Bakery,16500,ILS ₪,Monthly,4 years 9 months,Israel,Tel Aviv,Itamar,Gal,06/11/1981,Male,Full time
Itay Bar-Zohar,active,13/08/2020,Chef de Partie - Viennoiserie,itay.bar-zohar@crumbandculture.com,Viennoiserie,Orly Naveh,Tel Aviv Bakery,24000,ILS ₪,Monthly,5 years 6 months,Israel,Tel Aviv,Itay,Bar-Zohar,28/05/1991,Male,Full time
Ivor Glass,active,06/09/2017,Senior Sourdough Specialist,ivor.glass@crumbandculture.com,Bread,Gideon Sterling,London HQ & Flagship,62000,GBP £,Yearly,8 years 5 months,United Kingdom,London,Ivor,Glass,18/09/1972,Male,Full time
Jasper Finch-Hatton,active,05/09/2023,Content Creator,jasper.finch-hatton@crumbandculture.com,Marketing,Allegra 'Alley' Vance,London HQ & Flagship,35000,GBP £,Yearly,2 years 5 months,United Kingdom,London,Jasper,Finch-Hatton,10/01/1998,Male,Full time
Jaxson Rivera,active,01/08/2023,Catering Coordinator,jaxson.rivera@crumbandculture.com,Catering,Casimir Volkov,NYC SoHo Shop,52000,USD $,Yearly,2 years 6 months,United States,New York,Jaxson,Rivera,03/12/2001,Male,Full time
Jethro Sterling-Vane,active,13/02/2024,Front of House Associate,jethro.sterling-vane@crumbandculture.com,Front of House,Julian Sallow,London HQ & Flagship,24500,GBP £,Yearly,2 years,United Kingdom,London,Jethro,Sterling-Vane,22/11/2003,Male,Full time
Julian Sallow,active,07/09/2018,Flagship Store Manager,julian.sallow@crumbandculture.com,Store Management,Alon Mizrahi,London HQ & Flagship,48000,GBP £,Yearly,7 years 5 months,United Kingdom,London,Julian,Sallow,14/03/1987,Male,Full time
Juniper 'Junie' Bloom,active,15/06/2023,Catering Delivery Lead,juniper.juniebloom@crumbandculture.com,Catering,Casimir Volkov,NYC SoHo Shop,65000,USD $,Yearly,2 years 8 months,United States,New York,Juniper,'Junie' Bloom,27/04/1995,Female,Full time
Keren Tsur,active,14/01/2022,Assistant Shop Manager,keren.tsur@crumbandculture.com,Store Management,Amitai Shaked,Tel Aviv Bakery,15500,ILS ₪,Monthly,4 years 1 month,Israel,Tel Aviv,Keren,Tsur,08/05/1995,Female,Full time
Kit Harrington-Smythe,active,02/02/2024,Barista,kit.harrington-smythe@crumbandculture.com,Barista,Poppy Jenkins,London HQ & Flagship,31000,GBP £,Yearly,2 years,United Kingdom,London,Kit,Harrington-Smythe,01/06/1997,Male,Full time
Larkin Sterling-Vane,active,25/02/2022,Catering Assistant,larkin.sterling-vane@crumbandculture.com,Catering,Casimir Volkov,London HQ & Flagship,28500,GBP £,Yearly,3 years 11 months,United Kingdom,London,Larkin,Sterling-Vane,08/07/1989,Male,Full time
Lior Kedem,active,21/05/2020,Prep Kitchen Supervisor,lior.kedem@crumbandculture.com,Prep Kitchen,Clementine Dubois-Harrow,Tel Aviv Bakery,11500,ILS ₪,Monthly,5 years 9 months,Israel,Tel Aviv,Lior,Kedem,27/08/1993,Female,Full time
Lucien Vaugrenard,active,20/03/2021,Senior Viennoiserie Chef,lucien.vaugrenard@crumbandculture.com,Viennoiserie,Clementine Dubois-Harrow,London HQ & Flagship,52000,GBP £,Yearly,4 years 11 months,United Kingdom,London,Lucien,Vaugrenard,05/06/1987,Male,Full time
Lysander Vane,active,18/09/2021,Junior Buyer,lysander.vane@crumbandculture.com,Procurement,Yael Greenberg,London HQ & Flagship,32500,GBP £,Yearly,4 years 5 months,United Kingdom,London,Lysander,Vane,09/06/1995,Male,Full time
Lysandra Prynne,active,13/07/2023,Quality Control Specialist,lysandra.prynne@crumbandculture.com,Product Development,Alistair Finch,London HQ & Flagship,56000,GBP £,Yearly,2 years 7 months,United Kingdom,London,Lysandra,Prynne,12/05/1988,Female,Full time
Margaux Lemaire,active,18/02/2019,Executive Pastry Chef,margaux.lemaire@crumbandculture.com,Pastry,Clementine Dubois-Harrow,London HQ & Flagship,78000,GBP £,Yearly,7 years,United Kingdom,London,Margaux,Lemaire,17/02/1990,Female,Full time
Martha Higginbotham,active,03/05/2019,Front of House Shift Lead,martha.higginbotham@crumbandculture.com,Front of House,Barnaby 'Barney' Jukes,London HQ & Flagship,31000,GBP £,Yearly,6 years 9 months,United Kingdom,London,Martha,Higginbotham,15/12/1967,Female,Full time
Maya Ohana,active,06/03/2020,Senior Pastry Chef,maya.ohana@crumbandculture.com,Pastry,Margaux Lemaire,Tel Aviv Bakery,32000,ILS ₪,Monthly,5 years 11 months,Israel,Tel Aviv,Maya,Ohana,24/01/1980,Female,Full time
Montgomery 'Monty' West,active,05/05/2023,NYC Shop Lead,montgomery.montywest@crumbandculture.com,Store Management,Alon Mizrahi,NYC SoHo Shop,76000,USD $,Yearly,2 years 9 months,United States,New York,Montgomery,'Monty' West,22/07/1987,Male,Full time
Noa Tishby,active,20/04/2022,Shift Manager,noa.tishby@crumbandculture.com,Store Management,Amitai Shaked,Tel Aviv Bakery,14000,ILS ₪,Monthly,3 years 10 months,Israel,Tel Aviv,Noa,Tishby,15/04/1991,Female,Full time
Noam Ben-Ari,active,16/02/2020,Commis Baker,noam.ben-ari@crumbandculture.com,Bread,Gideon Sterling,Tel Aviv Bakery,10500,ILS ₪,Monthly,6 years,Israel,Tel Aviv,Noam,Ben-Ari,17/06/1991,Male,Full time
Noamie Bar-Lev,active,05/06/2023,Sourdough Baker,noamie.bar-lev@crumbandculture.com,Bread,Orly Naveh,Tel Aviv Bakery,20500,ILS ₪,Monthly,2 years 8 months,Israel,Tel Aviv,Noamie,Bar-Lev,05/06/1994,Female,Full time
Octavia Thorne-Pryce,active,21/10/2022,Catering Sales Executive,octavia.thorne-pryce@crumbandculture.com,Catering,Casimir Volkov,London HQ & Flagship,38000,GBP £,Yearly,3 years 4 months,United Kingdom,London,Octavia,Thorne-Pryce,19/04/1994,Female,Full time
Odette Morel,active,23/12/2017,Senior Pastry Chef,odette.morel@crumbandculture.com,Pastry,Clementine Dubois-Harrow,London HQ & Flagship,52000,GBP £,Yearly,8 years 2 months,United Kingdom,London,Odette,Morel,05/02/1981,Female,Full time
Omer Ben-Zvi,active,15/11/2020,Prep Kitchen Assistant,omer.ben-zvi@crumbandculture.com,Prep Kitchen,Lior Kedem,Tel Aviv Bakery,6800,ILS ₪,Monthly,5 years 3 months,Israel,Tel Aviv,Omer,Ben-Zvi,22/05/1998,Male,Full time
Omri Ben-Dov,active,19/11/2023,Night Shift Supervisor,omri.ben-dov@crumbandculture.com,Store Management,Amitai Shaked,Tel Aviv Bakery,14500,ILS ₪,Monthly,2 years 3 months,Israel,Tel Aviv,Omri,Ben-Dov,09/02/1985,Male,Full time
Orly Naveh,active,28/02/2020,Viennoiserie Manager,orly.naveh@crumbandculture.com,Viennoiserie,Clementine Dubois-Harrow,London HQ & Flagship,52000,GBP £,Yearly,5 years 11 months,United Kingdom,London,Orly,Naveh,09/10/1991,Female,Full time
Oryan Moshe,pending_arrival,,,oryan+bakery@shapes.co,,,,,,,,,,Oryan,Moshe,,,
Pascal Bisset,active,26/04/2022,Catering Assistant,pascal.bisset@crumbandculture.com,Catering,Casimir Volkov,London HQ & Flagship,13.5,GBP £,Hourly,3 years 9 months,United Kingdom,London,Pascal,Bisset,27/12/1999,Male,Full time
Pippin Jukes-Sterling,active,11/04/2022,Assistant Shop Manager,pippin.jukes-sterling@crumbandculture.com,Store Management,Julian Sallow,London HQ & Flagship,35000,GBP £,Yearly,3 years 10 months,United Kingdom,London,Pippin,Jukes-Sterling,20/11/1991,Female,Full time
Poppy Jenkins,active,16/12/2019,Lead Barista,poppy.jenkins@crumbandculture.com,Barista,Julian Sallow,London HQ & Flagship,16,GBP £,Hourly,6 years 2 months,United Kingdom,London,Poppy,Jenkins,26/07/1992,Female,Full time
Rafaela 'Rafa' Santos,active,10/06/2023,Senior Pastry Chef,rafaela.rafasantos@crumbandculture.com,Pastry,Margaux Lemaire,NYC SoHo Shop,88500,USD $,Yearly,2 years 8 months,United States,New York,Rafaela,'Rafa' Santos,06/05/1991,Female,Full time
Rafferty Pringle,active,24/01/2023,Catering Operations Assistant,rafferty.pringle@crumbandculture.com,Catering,Casimir Volkov,London HQ & Flagship,28500,GBP £,Yearly,3 years,United Kingdom,London,Rafferty,Pringle,13/06/1993,Male,Full time
Raziel Ohana-Mizrahi,active,11/08/2021,Commis de Viennoiserie,raziel.ohana-mizrahi@crumbandculture.com,Viennoiserie,Orly Naveh,Tel Aviv Bakery,18500,ILS ₪,Monthly,4 years 6 months,Israel,Tel Aviv,Raziel,Ohana-Mizrahi,11/12/1996,Male,Full time
Saffron Montague,active,10/10/2017,Head of Finance,saffron.montague@crumbandculture.com,Finance,Zebulon Thorne,London HQ & Flagship,82000,GBP £,Yearly,8 years 4 months,United Kingdom,London,Saffron,Montague,14/07/1976,Female,Full time
Saskia van der Meer,active,19/08/2021,Viennoiserie Chef de Partie,saskia.vandermeer@crumbandculture.com,Viennoiserie,Orly Naveh,London HQ & Flagship,45500,GBP £,Yearly,4 years 6 months,United Kingdom,London,Saskia,van der Meer,07/04/1990,Female,Full time
Seraphina Rossi,active,24/05/2023,Lead Concierge - NYC,seraphina.rossi@crumbandculture.com,Front of House,Alon Mizrahi,NYC SoHo Shop,78000,USD $,Yearly,2 years 8 months,United States,New York,Seraphina,Rossi,21/02/1990,Female,Full time
Shira Ben-Moshe,active,17/05/2024,Barista,shira.ben-moshe@crumbandculture.com,Barista,Poppy Jenkins,Tel Aviv Bakery,7200,ILS ₪,Monthly,1 year 9 months,Israel,Tel Aviv,Shira,Ben-Moshe,07/12/2001,Female,Full time
Sigal Ohayon,active,14/11/2021,Prep Kitchen Assistant,sigal.ohayon@crumbandculture.com,Prep Kitchen,Lior Kedem,Tel Aviv Bakery,13000,ILS ₪,Monthly,4 years 3 months,Israel,Tel Aviv,Sigal,Ohayon,24/05/1980,Female,Full time
Siobhan 'Siv' Kalu,active,22/05/2023,Barista,siobhan.sivkalu@crumbandculture.com,Barista,Seraphina Rossi,NYC SoHo Shop,62000,USD $,Yearly,2 years 9 months,United States,New York,Siobhan,'Siv' Kalu,27/04/1997,Female,Full time
Siobhan O'Reilly,active,22/09/2023,Prep Kitchen Commis,siobhan.oreilly@crumbandculture.com,Prep Kitchen,Lior Kedem,NYC SoHo Shop,52000,USD $,Yearly,2 years 5 months,United States,New York,Siobhan,O'Reilly,25/06/1999,Female,Full time
Solène Petit,active,01/03/2018,Senior Viennoiserie Chef,solne.petit@crumbandculture.com,Viennoiserie,Clementine Dubois-Harrow,London HQ & Flagship,48000,GBP £,Yearly,7 years 11 months,United Kingdom,London,Solène,Petit,14/09/1987,Female,Full time
Sterling 'Red' Holloway,active,21/06/2023,NYC Logistics Specialist,sterling.redholloway@crumbandculture.com,Logistics,Beatrix 'Bea' Vane,NYC SoHo Shop,72000,USD $,Yearly,2 years 8 months,United States,New York,Sterling,'Red' Holloway,09/06/1992,Other,Full time
Sterling Beaumont-Vane,active,20/02/2024,Front of House Associate,sterling.beaumont-vane@crumbandculture.com,Front of House,Seraphina Rossi,NYC SoHo Shop,54000,USD $,Yearly,2 years,United States,New York,Sterling,Beaumont-Vane,01/10/2000,Other,Full time
Sterling Vance,active,06/06/2023,Senior Barista,sterling.vance@crumbandculture.com,Barista,Poppy Jenkins,NYC SoHo Shop,62000,USD $,Yearly,2 years 8 months,United States,New York,Sterling,Vance,18/11/1996,Male,Full time
Sullivan 'Sully' O'Shea,active,04/05/2024,Procurement Specialist,sullivan.sullyoshea@crumbandculture.com,Procurement,Yael Greenberg,NYC SoHo Shop,78000,USD $,Yearly,1 year 9 months,United States,New York,Sullivan,'Sully' O'Shea,20/05/1996,Male,Full time
Tabitha Horton,active,01/06/2022,Barista,tabitha.horton@crumbandculture.com,Barista,Poppy Jenkins,London HQ & Flagship,24000,GBP £,Yearly,3 years 8 months,United Kingdom,London,Tabitha,Horton,16/03/1995,Female,Full time
Talisa Mizrahi-Levi,active,11/04/2022,Front of House Associate,talisa.mizrahi-levi@crumbandculture.com,Front of House,Amitai Shaked,Tel Aviv Bakery,8200,ILS ₪,Monthly,3 years 10 months,Israel,Tel Aviv,Talisa,Mizrahi-Levi,12/05/1999,Female,Full time
Tamsin Fairweather,active,14/11/2023,Talent Acquisition Specialist,tamsin.fairweather@crumbandculture.com,People,Gareth Hobb,London HQ & Flagship,45000,GBP £,Yearly,2 years 3 months,United Kingdom,London,Tamsin,Fairweather,10/11/1994,Female,Full time
Thalia Mallow,active,07/08/2020,Chef de Partie - Pastry,thalia.mallow@crumbandculture.com,Pastry,Margaux Lemaire,London HQ & Flagship,36000,GBP £,Yearly,5 years 6 months,United Kingdom,London,Thalia,Mallow,02/05/1992,Female,Full time
Thayer Thorne-Leandros,active,13/02/2018,Chef de Partie - Viennoiserie,thayer.thorne-leandros@crumbandculture.com,Viennoiserie,Clementine Dubois-Harrow,London HQ & Flagship,38000,GBP £,Yearly,8 years,United Kingdom,London,Thayer,Thorne-Leandros,23/04/1984,Male,Full time
Thistle Hobb-Thorne,active,23/05/2020,Senior Logistics Coordinator,thistle.hobb-thorne@crumbandculture.com,Logistics,Beatrix 'Bea' Vane,London HQ & Flagship,40000,GBP £,Yearly,5 years 9 months,United Kingdom,London,Thistle,Hobb-Thorne,17/10/1980,Female,Full time
Ulysses Thorne-Gage,active,18/05/2023,NYC Facilities Coordinator,ulysses.thorne-gage@crumbandculture.com,Facilities,Hamish McTavish,NYC SoHo Shop,85000,USD $,Yearly,2 years 9 months,United States,New York,Ulysses,Thorne-Gage,01/10/1978,Male,Full time
Verity Pendergast-Harrow,active,13/12/2023,People Operations Coordinator,verity.pendergast-harrow@crumbandculture.com,People,Gareth Hobb,London HQ & Flagship,32000,GBP £,Yearly,2 years 2 months,United Kingdom,London,Verity,Pendergast-Harrow,14/11/1995,Female,Full time
Wyatt Henderson,active,09/05/2023,Head Baker - NYC,wyatt.henderson@crumbandculture.com,Bread,Clementine Dubois-Harrow,NYC SoHo Shop,145000,USD $,Yearly,2 years 9 months,United States,New York,Wyatt,Henderson,18/03/1985,Male,Full time
Yael Greenberg,active,16/02/2019,Global Procurement Manager,yael.greenberg@crumbandculture.com,Procurement,Beatrix 'Bea' Vane,London HQ & Flagship,45000,GBP £,Yearly,7 years,United Kingdom,London,Yael,Greenberg,11/04/1983,Female,Full time
Yoav Turgeman,active,24/11/2020,Chef de Partie - Bread,yoav.turgeman@crumbandculture.com,Bread,Gideon Sterling,Tel Aviv Bakery,23000,ILS ₪,Monthly,5 years 2 months,Israel,Tel Aviv,Yoav,Turgeman,21/10/1989,Male,Full time
Yosef Hadad,active,08/11/2023,Prep Kitchen Assistant,yosef.hadad@crumbandculture.com,Prep Kitchen,Lior Kedem,Tel Aviv Bakery,13500,ILS ₪,Monthly,2 years 3 months,Israel,Tel Aviv,Yosef,Hadad,10/05/2000,Male,Full time
Zebulon Thorne,active,06/09/2017,Co-Founder & CEO,zebulon.thorne@crumbandculture.com,Product Development,,London HQ & Flagship,185000,GBP £,Yearly,8 years 5 months,United Kingdom,London,Zebulon,Thorne,04/05/1975,Male,Full time
Zephyrine Lemaire-Harrow,active,18/09/2023,NYC Assistant Shop Manager,zephyrine.lemaire-harrow@crumbandculture.com,Store Management,Alon Mizrahi,NYC SoHo Shop,82000,USD $,Yearly,2 years 5 months,United States,New York,Zephyrine,Lemaire-Harrow,19/04/1987,Female,Full time
Zipporah Ben-Yair,active,07/03/2021,Pastry Chef de Partie,zipporah.ben-yair@crumbandculture.com,Pastry,Margaux Lemaire,Tel Aviv Bakery,24000,ILS ₪,Monthly,4 years 11 months,Israel,Tel Aviv,Zipporah,Ben-Yair,04/09/1992,Female,Full time
Zuri Nkosi,active,18/05/2023,Senior Barista,zuri.nkosi@crumbandculture.com,Barista,Seraphina Rossi,NYC SoHo Shop,62000,USD $,Yearly,2 years 9 months,United States,New York,Zuri,Nkosi,03/04/1989,Female,Full time
Étienne Chevalier,active,05/09/2023,Commis de Pâtisserie,tienne.chevalier@crumbandculture.com,Pastry,Bodhi Vance,London HQ & Flagship,32000,GBP £,Yearly,2 years 5 months,United Kingdom,London,Étienne,Chevalier,02/05/2001,Male,Full time